"Year","Month","SST.1","SST.2","SST.3","SST.4","SST.5","SST.6","SST.7","SST.8","SST.9","SST.10","SST.11","SST.12","SST.13","SST.14"
1981,1,28.109824375,28.1369328571429,28.235242631579,28.265233,28.26421,28.0141696,28.1146352,28.1918284,28.2870612,28.1748348,28.2354976,28.1808888,28.2984648,27.757915915493
1981,2,28.417686875,28.476955,28.5969684210527,28.6072255,28.5748073333334,28.2285932,28.4673432,28.58504,28.6148052,28.5008204,28.5610952,28.4651936,28.5407044,27.9103132394366
1981,3,29.324855,29.31268,29.2826705263158,29.079396,28.9726593333333,29.0491412,29.2132016,29.1702732,29.0316416,28.9269148,29.0851556,28.9324212,29.0972648,28.8406881690141
1981,4,29.65127125,29.9041292857143,30.0450042105263,29.9220185,29.72461,29.6199612,29.7491812,29.841798,29.9395704,29.8583208,29.8895316,29.8372656,29.9432416,29.5223023943662
1981,5,30.016565,30.08521,30.1374431578948,29.8643065,29.640852,30.0542388,30.095334,30.1131064,30.1258792,30.01334,30.18549,30.1740056,30.2576,30.1197302816902
1981,6,28.548913125,28.4449714285715,28.3685168421053,27.8907725,27.3631026666667,28.8304988,28.7092464,28.461904,28.445496,28.0362396,28.654402,28.5235832,28.7516288,28.9852091549296
1981,7,27.832665625,27.5029357142857,27.3650968421053,26.8401365,26.5399586666667,28.0302824,27.9064948,27.7042696,27.664856,27.1330948,28.1088804,27.8422368,28.0950888,28.2115861971831
1981,8,27.019615,26.8444892857143,26.9587594736842,26.7655255,26.6295573333334,27.3737104,27.305506,27.4501972,27.5881648,27.1970708,27.9022648,27.776954,28.0021096,27.4682738028169
1981,9,27.327231875,27.2937392857143,27.5159752631579,27.380906,26.9937,27.7998712,27.721902,27.742528,27.8392096,27.6445224,27.8276052,27.799248,27.9485824,27.9412640845071
1981,10,28.510095,28.4323457142857,28.4564563157895,28.180467,27.9164873333334,28.7593648,28.6722936,28.4666688,28.3740144,28.309598,28.4500296,28.3205768,28.4184284,28.8668801408451
1981,11,28.4739,28.2871164285715,28.2071768421053,28.015529,27.91024,28.3981916,28.3952228,28.0825664,27.9673348,28.0303044,27.9422172,27.9754984,28.1152656,28.3949529577465
1981,12,28.076501875,27.9830578571429,28.0225557894737,28.0365705,28.055224,28.0958488,28.143584,27.9200304,28.0233892,28.1273732,28.037218,28.1674512,28.2145596,27.7275890140845
